customer_first_name,customer_last_name,customer_address_one,customer_address_two,customer_city,customer_state,customer_zip_code,customer_phone_number,customer_email
Mary,Mack,3245 Baldwin,St,Pomona,CA,91123,9097738978,mack@gmail.com
John,Ashford,10992 Longhorn,St,Dublin,KY,43907,4368823956,ashford@hotmail.com
Mike,Gardner,10950 Golden State,Way,San Francisco,CA,90069,9514782300,gardner@hotmail.com
Tony,Gray,8974 Perkins,St,Phoenix,AZ,85225,6025689088,gray.23@gmail.com
Larry,Thomas,91264 Church Street,Apt 234,Phoenix,AZ,85225,6025764099,thomas45@hotmail.com
Samantha,Green,44807 Comet Street,,Bowling Green,OH,43402,4198904563,green89@hotmail.com
